{"cameraMode":{"drawMode":0,"name":"Shaded","section":"Shading Mode"},"sceneLighting":true,"audioPlay":false,"sceneViewState":{"m_AlwaysRefresh":false,"showFog":true,"showSkybox":true,"showFlares":true,"showImageEffects":true,"showParticleSystems":true,"showVisualEffectGraphs":true,"m_FxEnabled":true},"in2DMode":false,"pivot":{"x":7.158085346221924,"y":7.332210540771484,"z":46.11285400390625},"rotation":{"x":0.44779741764068606,"y":-0.01788041740655899,"z":0.008956077508628369,"w":0.8939178586006165},"size":28.54189109802246,"orthographic":false}