{"cameraMode":{"drawMode":0,"name":"Shaded","section":"Shading Mode"},"sceneLighting":false,"audioPlay":false,"sceneViewState":{"m_AlwaysRefresh":false,"showFog":true,"showSkybox":false,"showFlares":true,"showImageEffects":true,"showParticleSystems":true,"showVisualEffectGraphs":true,"m_FxEnabled":true},"in2DMode":false,"pivot":{"x":0.06974434852600098,"y":-0.359779953956604,"z":5.546154975891113},"rotation":{"x":0.11584612727165222,"y":0.8747352361679077,"z":-0.25712913274765017,"w":0.39409661293029787},"size":1.0167711973190308,"orthographic":false}