{"cameraMode":{"drawMode":0,"name":"Shaded","section":"Shading Mode"},"sceneLighting":false,"audioPlay":false,"sceneViewState":{"m_AlwaysRefresh":false,"showFog":false,"showSkybox":false,"showFlares":false,"showImageEffects":false,"showParticleSystems":false,"showVisualEffectGraphs":true,"m_FxEnabled":true},"in2DMode":false,"pivot":{"x":0.028820931911468507,"y":0.8148064613342285,"z":0.000209808349609375},"rotation":{"x":0.1544748842716217,"y":-0.013341836631298066,"z":0.0020864082034677269,"w":0.9879075288772583},"size":1.3121073246002198,"orthographic":false}